relative_residue,absolute_residue,region,sasa_total_A2,sasa_polar_A2,sasa_apolar_A2,sasa_main_chain_A2,sasa_side_chain_A2
1,15,non-loop,174.342935,105.391920,68.951016,108.468269,65.874666
2,16,non-loop,137.352759,89.526609,47.826150,96.150047,41.202712
3,17,non-loop,135.400573,86.617328,48.783245,93.728830,41.671743
4,18,non-loop,119.158598,72.242904,46.915695,72.107641,47.050957
5,19,non-loop,160.342170,107.389337,52.952833,107.294379,53.047791
6,20,non-loop,160.834319,115.347452,45.486867,112.397947,48.436372
7,21,non-loop,176.492902,117.245830,59.247072,130.730620,45.762282
8,22,non-loop,178.069486,119.013318,59.056168,119.919364,58.150122
9,23,non-loop,174.105346,122.586470,51.518875,119.995098,54.110248
10,24,non-loop,155.432034,113.060945,42.371089,110.340850,45.091184
11,25,non-loop,156.271068,121.145049,35.126019,110.908475,45.362593
12,26,non-loop,140.177810,96.369416,43.808393,123.759047,16.418763
13,27,loop,174.882158,119.475476,55.406682,109.725640,65.156519
14,28,loop,117.475588,88.038121,29.437467,94.783458,22.692130
15,29,loop,151.005683,111.722422,39.283261,64.480140,86.525543
16,30,loop,260.231889,205.072001,55.159888,83.941198,176.290691
17,31,loop,184.808787,142.536938,42.271849,106.127457,78.681330
18,32,loop,159.914112,123.509701,36.404411,76.404345,83.509767
19,33,loop,157.544641,111.550819,45.993822,62.193309,95.351332
20,34,loop,150.606327,95.835706,54.770622,97.282389,53.323938
21,35,non-loop,151.353635,87.918505,63.435130,115.077353,36.276282
22,36,non-loop,144.779831,89.323126,55.456705,129.328427,15.451404
23,37,non-loop,115.623828,58.763906,56.859921,86.494915,29.128912
24,38,non-loop,134.868207,85.508889,49.359318,120.737761,14.130447
25,39,non-loop,111.544873,61.443569,50.101303,103.108788,8.436085
26,40,non-loop,150.666701,87.021058,63.645643,99.252581,51.414120
27,41,non-loop,165.899829,119.372249,46.527580,120.764746,45.135083
28,42,non-loop,109.956164,70.980313,38.975851,89.807525,20.148639
29,43,non-loop,118.084307,69.297620,48.786687,99.273370,18.810937
30,44,non-loop,196.551614,115.249709,81.301905,133.728454,62.823159
31,45,non-loop,167.094669,122.773061,44.321608,127.198978,39.895691
32,46,non-loop,158.410117,104.841115,53.569003,129.921873,28.488245
