relative_residue,region,mean_all_A2,mean_bound_A2,mean_unbound_A2,std_bound_A2,std_unbound_A2,delta_bound_minus_unbound_A2
1,non-loop,283.290989,283.059072,283.308308,4.048032,4.144284,-0.249237
2,non-loop,200.109019,200.252933,200.098271,5.110437,5.389036,0.154661
3,non-loop,198.951232,199.211919,198.931764,6.895301,6.860924,0.280155
4,non-loop,198.231679,198.834987,198.186624,6.637394,7.913974,0.648363
5,non-loop,197.981660,198.020504,197.978759,7.973641,7.852038,0.041745
6,non-loop,197.385601,196.537463,197.448940,9.087743,8.347781,-0.911478
7,non-loop,198.268514,198.358396,198.261801,6.333740,7.579660,0.096595
8,non-loop,198.782126,197.287351,198.893757,6.345657,6.668175,-1.606405
9,non-loop,199.164420,198.200505,199.236406,6.469529,6.784645,-1.035901
10,non-loop,199.701286,199.203158,199.738487,6.981389,6.313802,-0.535329
11,non-loop,200.129677,199.969841,200.141614,4.932433,5.550943,-0.171773
12,non-loop,200.163410,199.719088,200.196592,5.439328,4.912999,-0.477504
13,loop,200.220802,200.124773,200.227974,4.869614,5.099661,-0.103201
14,loop,200.086302,199.733937,200.112616,5.130681,5.034062,-0.378680
15,loop,200.163926,199.523016,200.211790,4.911796,4.895890,-0.688774
16,loop,200.666852,200.147979,200.705602,5.135733,5.017097,-0.557623
17,loop,200.792101,200.885143,200.785153,5.222719,5.008445,0.099990
18,loop,200.628854,200.932743,200.606159,4.653033,4.876029,0.326584
19,loop,200.493636,200.267214,200.510545,4.728438,4.754922,-0.243331
20,loop,200.384733,200.685390,200.362280,4.774536,4.983966,0.323110
21,non-loop,200.358153,200.821895,200.323520,4.844026,4.950745,0.498375
22,non-loop,200.406865,200.420301,200.405862,5.138784,5.185146,0.014439
23,non-loop,199.998144,199.045295,200.069303,5.652527,5.449653,-1.024009
24,non-loop,199.872480,199.225543,199.920794,5.091137,5.895909,-0.695251
25,non-loop,199.732558,199.117645,199.778480,5.567739,5.961390,-0.660835
26,non-loop,199.477217,199.011290,199.512013,5.508788,6.133782,-0.500723
27,non-loop,199.089228,198.047611,199.167017,7.766206,6.750038,-1.119406
28,non-loop,198.241360,198.777186,198.201345,6.813623,7.515576,0.575841
29,non-loop,197.702697,197.928470,197.685836,8.392780,7.995619,0.242634
30,non-loop,198.021734,198.931127,197.953820,6.336271,7.723602,0.977307
31,non-loop,198.279729,198.415209,198.269611,6.952340,7.812484,0.145598
32,non-loop,280.810808,280.713059,280.818107,8.108431,7.783025,-0.105049
