relative_residue,region,mean_proxy_A2,std_proxy_A2
1,non-loop,283.290989,4.138153
2,non-loop,200.109019,5.370287
3,non-loop,198.951232,6.863689
4,non-loop,198.231679,7.833728
5,non-loop,197.981660,7.860556
6,non-loop,197.385601,8.404505
7,non-loop,198.268514,7.499815
8,non-loop,198.782126,6.658810
9,non-loop,199.164420,6.768350
10,non-loop,199.701286,6.363914
11,non-loop,200.129677,5.510381
12,non-loop,200.163410,4.952872
13,loop,200.220802,5.084079
14,loop,200.086302,5.041756
15,loop,200.163926,4.900128
16,loop,200.666852,5.027432
17,loop,200.792101,5.023695
18,loop,200.628854,4.861573
19,loop,200.493636,4.753489
20,loop,200.384733,4.970377
21,non-loop,200.358153,4.945028
22,non-loop,200.406865,5.181939
23,non-loop,199.998144,5.470195
24,non-loop,199.872480,5.846243
25,non-loop,199.732558,5.937258
26,non-loop,199.477217,6.093755
27,non-loop,199.089228,6.831478
28,non-loop,198.241360,7.470365
29,non-loop,197.702697,8.024091
30,non-loop,198.021734,7.639393
31,non-loop,198.279729,7.755885
32,non-loop,280.810808,7.806122
